f[Hz],H[mm],H_max[T],U_HB[-],dPCB[kPa],Tspan[K],Qc[W],Qh[W],Wpump[W],Wvalv[W],Wmotor[W],COP[-]
1,10,0.9,0.1988,19.02445271,20,5.18151703,13.57452113,0.91287081,91.96,0.37277101,0.0556
1,10,0.9,0.3977,41.05816915,20,3.12976412,19.60082625,3.940043,91.96,0.22516289,0.0326
1,10,0.9,0.5965,66.10116666,20,-11.951776,15.15154014,9.51441171,91.96,-0.85984,-0.1188
1,10,0.9,0.7953,94.15347069,20,-48.14535563,-7.1435444,18.06892077,91.96,-3.46369465,-0.4518
1,10,0.9,0.9942,125.2151056,20,-118.8515583,-60.02493902,30.03654309,91.96,-8.55047182,-1.0476
1,10,1,0.1988,19.02445271,20,11.5796577,21.56245434,0.91287081,91.96,0.8330689,0.1236
1,10,1,0.3977,41.05816915,20,17.44721307,36.69369003,3.940043,91.96,1.25519519,0.1796
1,10,1,0.5965,66.10116666,20,11.86754233,42.85969438,9.51441171,91.96,0.85378002,0.116
1,10,1,0.7953,94.15347069,20,-13.35259392,32.54887858,18.06892077,91.96,-0.96061827,-0.1224
1,10,1,0.9942,125.2151056,20,-72.0684381,-7.46844904,30.03654309,91.96,-5.18477972,-0.617
1,10,1.1,0.1988,19.02445271,20,20.70568481,32.04478773,0.91287081,91.96,1.48961761,0.2194
1,10,1.1,0.3977,41.05816915,20,36.35490032,58.04625727,3.940043,91.96,2.61546045,0.369
1,10,1.1,0.5965,66.10116666,20,41.21462785,75.70914264,9.51441171,91.96,2.96508114,0.3946
1,10,1.1,0.7953,94.15347069,20,27.00503849,77.4309484,18.06892077,91.96,1.94280852,0.2412
1,10,1.1,0.9942,125.2151056,20,-20.30829132,49.78596718,30.03654309,91.96,-1.46102815,-0.1685
1,10,1.2,0.1988,19.02445271,20,30.24922728,42.89156394,0.91287081,91.96,2.1762034,0.3182
1,10,1.2,0.3977,41.05816915,20,55.91872206,79.9486419,3.940043,91.96,4.02292964,0.5596
1,10,1.2,0.5965,66.10116666,20,71.21457764,109.0651171,9.51441171,91.96,5.12335091,0.6681
1,10,1.2,0.7953,94.15347069,20,67.71552739,122.489014,18.06892077,91.96,4.87162068,0.5893
1,10,1.2,0.9942,125.2151056,20,31.24107571,106.6455416,30.03654309,91.96,2.2475594,0.2514
1,10,1.3,0.1988,19.02445271,20,39.63154192,53.55656341,0.91287081,91.96,2.85119007,0.414
1,10,1.3,0.3977,41.05816915,20,75.03731782,101.3387889,3.940043,91.96,5.39836819,0.7408
1,10,1.3,0.5965,66.10116666,20,100.3544717,141.45082,9.51441171,91.96,7.21974617,0.9233
1,10,1.3,0.7953,94.15347069,20,107.0314406,166.0049995,18.06892077,91.96,7.70010364,0.9091
1,10,1.3,0.9942,125.2151056,20,80.77901508,161.3159157,30.03654309,91.96,5.81143993,0.632
1,10,1.4,0.1988,19.02445271,20,48.61085954,63.82448539,0.91287081,91.96,3.49718414,0.5044
1,10,1.4,0.3977,41.05816915,20,93.29824577,121.8441175,3.940043,91.96,6.71210401,0.9092
1,10,1.4,0.5965,66.10116666,20,128.14033,172.422312,9.51441171,91.96,9.21872878,1.1576
1,10,1.4,0.7953,94.15347069,20,144.4756541,207.5583272,18.06892077,91.96,10.39393195,1.1997
1,10,1.4,0.9942,125.2151056,20,127.9150569,213.4559884,30.03654309,91.96,9.20252208,0.975
1,15,0.9,0.1988,19.02445271,20,12.54592135,26.15719643,1.36930622,91.96,0.90258427,0.1331
1,15,0.9,0.3977,41.05816915,20,15.56519966,42.11747996,5.91006451,91.96,1.11979854,0.1572
1,15,0.9,0.5965,66.10116666,20,0.27247173,43.55762424,14.27161757,91.96,0.01960228,0.0026
1,15,0.9,0.7953,94.15347069,20,-45.71699424,19.11314634,27.10338115,91.96,-3.28899239,-0.3949
1,15,0.9,0.9942,125.2151056,20,-142.9574613,-50.79604308,45.05481464,91.96,-10.28470945,-1.128
1,15,1,0.1988,19.02445271,20,25.89288117,41.63468222,1.36930622,91.96,1.86279721,0.272
1,15,1,0.3977,41.05816915,20,43.46949085,73.82678192,5.91006451,91.96,3.1273015,0.4304
1,15,1,0.5965,66.10116666,20,43.90066854,92.60228285,14.27161757,91.96,3.15832148,0.4013
1,15,1,0.7953,94.15347069,20,14.66230963,86.45357129,27.10338115,91.96,1.05484242,0.1221
1,15,1,0.9942,125.2151056,20,-65.09204358,35.48949969,45.05481464,91.96,-4.68288083,-0.4919
1,15,1.1,0.1988,19.02445271,20,40.16042972,57.93263857,1.36930622,91.96,2.88923955,0.4174
1,15,1.1,0.3977,41.05816915,20,72.86183598,106.8620704,5.91006451,91.96,5.2418587,0.7066
1,15,1.1,0.5965,66.10116666,20,89.21318507,143.129416,14.27161757,91.96,6.41821475,0.792
1,15,1.1,0.7953,94.15347069,20,76.49177798,155.024426,27.10338115,91.96,5.50300561,0.6141
1,15,1.1,0.9942,125.2151056,20,13.59190044,122.3816718,45.05481464,91.96,0.97783456,0.0985
1,15,1.2,0.1988,19.02445271,20,54.53595706,74.27476121,1.36930622,91.96,3.92345015,0.5608
1,15,1.2,0.3977,41.05816915,20,102.2181208,139.7101378,5.91006451,91.96,7.35382164,0.9714
1,15,1.2,0.5965,66.10116666,20,134.0365179,192.9444246,14.27161757,91.96,9.64291495,1.1567
1,15,1.2,0.7953,94.15347069,20,137.0553455,222.0466902,27.10338115,91.96,9.8600968,1.0631
1,15,1.2,0.9942,125.2151056,20,90.00302607,206.6831099,45.05481464,91.96,6.47503785,0.6272
1,15,1.3,0.1988,19.02445271,20,68.31495398,90.01509038,1.36930622,91.96,4.91474489,0.6954
1,15,1.3,0.3977,41.05816915,20,130.2836951,171.2062796,5.91006451,91.96,9.37292771,1.2148
1,15,1.3,0.5965,66.10116666,20,176.7994681,240.5820077,14.27161757,91.96,12.7193862,1.4863
1,15,1.3,0.7953,94.15347069,20,194.745361,286.0254006,27.10338115,91.96,14.01045763,1.4634
1,15,1.3,0.9942,125.2151056,20,162.6843863,287.02662,45.05481464,91.96,11.70391268,1.0939
1,15,1.4,0.1988,19.02445271,20,81.47065356,105.1490483,1.36930622,91.96,5.8611981,0.8214
1,15,1.4,0.3977,41.05816915,20,157.0438235,201.37316,5.91006451,91.96,11.2981168,1.4385
1,15,1.4,0.5965,66.10116666,20,217.5385618,286.1332973,14.27161757,91.96,15.65025625,1.7848
1,15,1.4,0.7953,94.15347069,20,249.6898849,347.1532379,27.10338115,91.96,17.96330107,1.8222
1,15,1.4,0.9942,125.2151056,20,231.9034802,363.7575647,45.05481464,91.96,16.68370361,1.5088
1,20,0.9,0.1988,19.02445271,20,24.74291409,43.67132645,1.82574163,91.96,1.78006576,0.2589
1,20,0.9,0.3977,41.05816915,20,37.19092953,74.07884993,7.88008601,91.96,2.67560644,0.3628
1,20,0.9,0.5965,66.10116666,20,25.32249474,85.22012742,19.02882343,91.96,1.82176221,0.2245
1,20,0.9,0.7953,94.15347069,20,-27.60693608,61.71659501,36.13784153,91.96,-1.98611051,-0.2189
1,20,0.9,0.9942,125.2151056,20,-149.0481283,-22.56764789,60.07308618,91.96,-10.72288693,-1.0548
1,20,1,0.1988,19.02445271,20,43.44747761,65.19110469,1.82574163,91.96,3.12571781,0.4483
1,20,1,0.3977,41.05816915,20,75.96734025,117.9008709,7.88008601,91.96,5.46527628,0.7214
1,20,1,0.5965,66.10116666,20,85.51088529,152.614598,19.02882343,91.96,6.15186225,0.73
1,20,1,0.7953,94.15347069,20,55.11666379,153.7292309,36.13784153,91.96,3.96522761,0.4174
1,20,1,0.9942,125.2151056,20,-43.03874775,94.70887415,60.07308618,91.96,-3.09631279,-0.289
1,20,1.1,0.1988,19.02445271,20,62.83658755,87.28492774,1.82574163,91.96,4.52061781,0.6392
1,20,1.1,0.3977,41.05816915,20,115.7491368,162.5060439,7.88008601,91.96,8.32727603,1.0701
1,20,1.1,0.5965,66.10116666,20,146.5466828,220.5487588,19.02882343,91.96,10.54292682,1.2058
1,20,1.1,0.7953,94.15347069,20,137.9694278,245.4957199,36.13784153,91.96,9.92585811,0.9996
1,20,1.1,0.9942,125.2151056,20,61.90345314,210.5249445,60.07308618,91.96,4.45348584,0.3956
1,20,1.2,0.1988,19.02445271,20,81.74211869,108.8482781,1.82574163,91.96,5.88072796,0.8202
1,20,1.2,0.3977,41.05816915,20,154.3340392,205.768826,7.88008601,91.96,11.10316828,1.3911
1,20,1.2,0.5965,66.10116666,20,205.4408464,286.10241,19.02882343,91.96,14.77991701,1.6335
1,20,1.2,0.7953,94.15347069,20,217.5322553,333.6585207,36.13784153,91.96,15.64980254,1.5133
1,20,1.2,0.9942,125.2151056,20,162.2638412,321.3687493,60.07308618,91.96,11.67365764,0.9912
1,20,1.3,0.1988,19.02445271,20,99.78533664,129.5496761,1.82574163,91.96,7.1788012,0.9883
1,20,1.3,0.3977,41.05816915,20,191.0916643,247.1356366,7.88008601,91.96,13.74760175,1.6823
1,20,1.3,0.5965,66.10116666,20,261.4690924,348.6536222,19.02882343,91.96,18.81072607,2.0144
1,20,1.3,0.7953,94.15347069,20,293.1601562,417.6796095,36.13784153,91.96,21.09065872,1.965
1,20,1.3,0.9942,125.2151056,20,257.5886167,426.8973531,60.07308618,91.96,18.53155516,1.5102
1,20,1.4,0.1988,19.02445271,20,117.051357,149.5038846,1.82574163,91.96,8.42096094,1.1452
1,20,1.4,0.3977,41.05816915,20,226.2204321,286.8570049,7.88008601,91.96,16.27485123,1.9482
1,20,1.4,0.5965,66.10116666,20,314.9707567,408.6173774,19.02882343,91.96,22.65976667,2.3567
1,20,1.4,0.7953,94.15347069,20,365.3591757,498.1647156,36.13784153,91.96,26.28483278,2.3666
1,20,1.4,0.9942,125.2151056,20,348.594224,527.9487445,60.07308618,91.96,25.07872115,1.9682
1,25,0.9,0.1988,19.02445271,20,39.25962555,63.64112627,2.28217703,91.96,2.82443349,0.4045
1,25,0.9,0.3977,41.05816915,20,63.35693792,110.8704873,9.85010751,91.96,4.55805309,0.5956
1,25,0.9,0.5965,66.10116666,20,57.02496204,133.9893867,23.78602928,91.96,4.10251525,0.4758
1,25,0.9,0.7953,94.15347069,20,-0.88357423,113.5569631,45.17230192,91.96,-0.06356649,-0.0064
1,25,0.9,0.9942,125.2151056,20,-144.7042174,16.9008657,75.09135773,91.96,-10.41037535,-0.9238
1,25,1,0.1988,19.02445271,20,63.23183364,91.14156294,2.28217703,91.96,4.54905278,0.6401
1,25,1,0.3977,41.05816915,20,112.8957664,166.7135006,9.85010751,91.96,8.12199759,1.027
1,25,1,0.5965,66.10116666,20,133.632829,219.5983951,23.78602928,91.96,9.61387259,1.066
1,25,1,0.7953,94.15347069,20,103.9752741,230.0222914,45.17230192,91.96,7.48023555,0.719
1,25,1,0.9942,125.2151056,20,-10.86623613,164.8307588,75.09135773,91.96,-0.78174361,-0.0654
1,25,1.1,0.1988,19.02445271,20,87.53304826,118.8395334,2.28217703,91.96,6.2973416,0.8706
1,25,1.1,0.3977,41.05816915,20,162.6560728,222.4962985,9.85010751,91.96,11.70187574,1.4329
1,25,1.1,0.5965,66.10116666,20,209.8090262,304.3664269,23.78602928,91.96,15.09417454,1.6036
1,25,1.1,0.7953,94.15347069,20,207.1456132,344.2934764,45.17230192,91.96,14.9025621,1.3625
1,25,1.1,0.9942,125.2151056,20,119.5537195,308.7892892,75.09135773,91.96,8.60098702,0.6806
1,25,1.2,0.1988,19.02445271,20,110.8706364,145.538162,2.28217703,91.96,7.97630477,1.0846
1,25,1.2,0.3977,41.05816915,20,210.2837111,275.9974187,9.85010751,91.96,15.12832454,1.7982
1,25,1.2,0.5965,66.10116666,20,282.5075642,385.4025273,23.78602928,91.96,20.3242852,2.0762
1,25,1.2,0.7953,94.15347069,20,305.369909,453.2586895,45.17230192,91.96,21.9690582,1.9193
1,25,1.2,0.9942,125.2151056,20,243.4598232,445.7718921,75.09135773,91.96,17.51509519,1.3191
1,25,1.3,0.1988,19.02445271,20,133.1232189,171.1581722,2.28217703,91.96,9.57720999,1.2823
1,25,1.3,0.3977,41.05816915,20,255.6258552,327.1388783,9.85010751,91.96,18.39034929,2.1267
1,25,1.3,0.5965,66.10116666,20,351.6449997,462.7261759,23.78602928,91.96,25.29820142,2.4932
1,25,1.3,0.7953,94.15347069,20,398.7353667,557.1362336,45.17230192,91.96,28.68599761,2.4047
1,25,1.3,0.9942,125.2151056,20,361.1925122,576.2656688,75.09135773,91.96,25.98507282,1.8711
1,25,1.4,0.1988,19.02445271,20,154.4693581,195.9138813,2.28217703,91.96,11.11290346,1.4662
1,25,1.4,0.3977,41.05816915,20,299.0601322,376.3675582,9.85010751,91.96,21.51511743,2.425
1,25,1.4,0.5965,66.10116666,20,417.8167723,537.0293659,23.78602928,91.96,30.05876059,2.8656
1,25,1.4,0.7953,94.15347069,20,488.0710116,656.8804526,45.17230192,91.96,35.11302242,2.8336
1,25,1.4,0.9942,125.2151056,20,473.8427418,701.5165641,75.09135773,91.96,34.08940588,2.3558
1,30,0.9,0.1988,19.02445271,20,55.40551598,85.35478277,2.73861244,91.96,3.98600834,0.5614
1,30,0.9,0.3977,41.05816915,20,92.76587838,151.1239682,11.82012901,91.96,6.6738042,0.8399
1,30,0.9,0.5965,66.10116666,20,93.49925469,187.8613951,28.54323514,91.96,6.72656509,0.7349
1,30,0.9,0.7953,94.15347069,20,32.00934484,172.0139139,54.2067623,91.96,2.30283056,0.2156
1,30,0.9,0.9942,125.2151056,20,-132.9065981,64.39611195,90.10962927,91.96,-9.56162576,-0.7704
1,30,1,0.1988,19.02445271,20,84.5960523,118.7881618,2.73861244,91.96,6.08604693,0.8394
1,30,1,0.3977,41.05816915,20,152.9792843,218.8956745,11.82012901,91.96,11.00570391,1.3327
1,30,1,0.5965,66.10116666,20,186.386702,291.5279643,28.54323514,91.96,13.40911525,1.3919
1,30,1,0.7953,94.15347069,20,158.7605089,312.661559,54.2067623,91.96,11.42161934,1.0074
1,30,1,0.9942,125.2151056,20,28.3781462,242.5745956,90.10962927,91.96,2.04159325,0.1541
1,30,1.1,0.1988,19.02445271,20,113.6458491,151.9400552,2.73861244,91.96,8.17596036,1.1047
1,30,1.1,0.3977,41.05816915,20,212.3800947,285.5330326,11.82012901,91.96,15.2791435,1.7838
1,30,1.1,0.5965,66.10116666,20,277.2189337,392.6662577,28.54323514,91.96,19.94380818,1.9738
1,30,1.1,0.7953,94.15347069,20,281.6974887,448.9000577,54.2067623,91.96,20.26600638,1.6926
1,30,1.1,0.9942,125.2151056,20,183.7131197,414.1160134,90.10962927,91.96,13.2167712,0.9407
1,30,1.2,0.1988,19.02445271,20,141.3482742,183.715247,2.73861244,91.96,10.16894059,1.3479
1,30,1.2,0.3977,41.05816915,20,268.92236,349.1516842,11.82012901,91.96,19.34693238,2.1841
1,30,1.2,0.5965,66.10116666,20,363.5437112,489.0138116,28.54323514,91.96,26.15422383,2.4789
1,30,1.2,0.7953,94.15347069,20,398.3650634,578.4590921,54.2067623,91.96,28.65935708,2.2786
1,30,1.2,0.9942,125.2151056,20,330.9183436,576.992796,90.10962927,91.96,23.80707508,1.6074
1,30,1.3,0.1988,19.02445271,20,167.7811535,214.2352207,2.73861244,91.96,12.07058658,1.5714
1,30,1.3,0.3977,41.05816915,20,322.7904449,410.0253845,11.82012901,91.96,23.22233416,2.5416
1,30,1.3,0.5965,66.10116666,20,445.7063072,581.0371457,28.54323514,91.96,32.06520196,2.9214
1,30,1.3,0.7953,94.15347069,20,509.3626618,702.1036984,54.2067623,91.96,36.64479581,2.7863
1,30,1.3,0.9942,125.2151056,20,470.9335057,732.3385398,90.10962927,91.96,33.88010832,2.1808
1,30,1.4,0.1988,19.02445271,20,193.1894635,243.7873127,2.73861244,91.96,13.89852255,1.779
1,30,1.4,0.3977,41.05816915,20,374.4945109,468.7409804,11.82012901,91.96,26.94205114,2.8648
1,30,1.4,0.5965,66.10116666,20,524.4935955,669.6459498,28.54323514,91.96,37.73335219,3.3146
1,30,1.4,0.7953,94.15347069,20,615.7672637,821.0618875,54.2067623,91.96,44.29980314,3.2329
1,30,1.4,0.9942,125.2151056,20,605.1516982,881.736413,90.10962927,91.96,43.53609339,2.6823
2,10,0.9,0.1988,41.08011652,20,6.81817098,24.23493593,3.94398668,91.96,0.4905159,0.0707
2,10,0.9,0.3977,94.19589525,20,-12.47545078,27.95165814,18.08354785,91.96,-0.89751444,-0.1143
2,10,0.9,0.5965,159.3477262,20,-73.61784559,3.42488454,45.8812524,91.96,-5.29624788,-0.5554
2,10,0.9,0.7953,236.53609,20,-196.5227228,-65.20451146,90.80051346,91.96,-14.13832538,-1.1655
2,10,0.9,0.9942,325.7613467,20,-411.0947774,-203.8502941,156.3051322,91.96,-29.57516384,-1.8798
2,10,1,0.1988,41.08011652,20,20.15197647,40.60341508,3.94398668,91.96,1.44978248,0.207
2,10,1,0.3977,94.19589525,20,18.06337228,63.75194488,18.08354785,91.96,1.29952319,0.1622
2,10,1,0.5965,159.3477262,20,-23.04292076,61.34536088,45.8812524,91.96,-1.65776408,-0.1692
2,10,1,0.7953,236.53609,20,-123.8680311,16.66712961,90.80051346,91.96,-8.91136914,-0.7125
2,10,1,0.9942,325.7613467,20,-315.2294294,-97.10884501,156.3051322,91.96,-22.67837622,-1.3974
2,10,1.1,0.1988,41.08011652,20,38.48290198,61.57076287,3.94398668,91.96,2.7685541,0.39
2,10,1.1,0.3977,94.19589525,20,56.52576672,106.942239,18.08354785,91.96,4.06660192,0.4954
2,10,1.1,0.5965,159.3477262,20,36.79579973,127.9264158,45.8812524,91.96,2.64717984,0.2619
2,10,1.1,0.7953,236.53609,20,-41.89786165,107.3075614,90.80051346,91.96,-3.01423465,-0.2331
2,10,1.1,0.9942,325.7613467,20,-210.8099474,17.81046556,156.3051322,91.96,-15.16618327,-0.9044
2,10,1.2,0.1988,41.08011652,20,57.55595482,83.19774739,3.94398668,91.96,4.14071617,0.5753
2,10,1.2,0.3977,94.19589525,20,96.00069006,150.9803252,18.08354785,91.96,6.90652447,0.8209
2,10,1.2,0.5965,159.3477262,20,97.43317482,195.0728394,45.8812524,91.96,7.00958092,0.6726
2,10,1.2,0.7953,236.53609,20,40.18787736,197.7833444,90.80051346,91.96,2.8912142,0.2165
2,10,1.2,0.9942,325.7613467,20,-107.3113076,131.5115501,156.3051322,91.96,-7.72023796,-0.4461
2,10,1.3,0.1988,41.08011652,20,76.24764247,104.4200683,3.94398668,91.96,5.4854419,0.752
2,10,1.3,0.3977,94.19589525,20,134.4032778,193.8372659,18.08354785,91.96,9.66930056,1.1227
2,10,1.3,0.5965,159.3477262,20,156.0740456,260.0390223,45.8812524,91.96,11.22834861,1.047
2,10,1.3,0.7953,236.53609,20,119.1955204,284.9352492,90.80051346,91.96,8.57521729,0.623
2,10,1.3,0.9942,325.7613467,20,-8.07930962,240.6472598,156.3051322,91.96,-0.5812453,-0.0326
2,10,1.4,0.1988,41.08011652,20,94.11288946,124.8311808,3.94398668,91.96,6.77071147,0.9166
2,10,1.4,0.3977,94.19589525,20,171.0198829,234.8620027,18.08354785,91.96,12.3035887,1.3978
2,10,1.4,0.5965,159.3477262,20,211.9060797,322.0900284,45.8812524,91.96,15.24504171,1.3842
2,10,1.4,0.7953,236.53609,20,194.348337,368.0665255,90.80051346,91.96,13.98189474,0.9878
2,10,1.4,0.9942,325.7613467,20,86.24390287,344.6461806,156.3051322,91.96,6.20459733,0.3389
2,15,0.9,0.1988,41.08011652,20,20.27956774,48.35704154,5.91598001,91.96,1.45896171,0.2042
2,15,0.9,0.3977,94.19589525,20,4.63734917,68.78533545,27.12532177,91.96,0.33362224,0.0388
2,15,0.9,0.5965,159.3477262,20,-71.80016831,48.72961546,68.8218786,91.96,-5.16547973,-0.4614
2,15,0.9,0.7953,236.53609,20,-239.7124796,-36.46029485,136.2007702,91.96,-17.24550213,-1.1365
2,15,0.9,0.9942,325.7613467,20,-544.5943039,-226.2984416,234.4576983,91.96,-39.17944632,-1.896
2,15,1,0.1988,41.08011652,20,47.2041994,79.3992771,5.91598001,91.96,3.39598557,0.4661
2,15,1,0.3977,94.19589525,20,61.67773319,133.1440184,27.12532177,91.96,4.43724699,0.4993
2,15,1,0.5965,159.3477262,20,17.53502536,148.4594761,68.8218786,91.96,1.26151262,0.1082
2,15,1,0.7953,236.53609,20,-116.6693477,99.87365084,136.2007702,91.96,-8.39347825,-0.5309
2,15,1,0.9942,325.7613467,20,-387.1845744,-52.85595395,234.4576983,91.96,-27.85500535,-1.2968
2,15,1.1,0.1988,41.08011652,20,75.78302611,111.9439846,5.91598001,91.96,5.45201627,0.7334
2,15,1.1,0.3977,94.19589525,20,121.1933163,199.7390113,27.12532177,91.96,8.71894362,0.9483
2,15,1.1,0.5965,159.3477262,20,109.4498511,250.4538996,68.8218786,91.96,7.87409,0.649
2,15,1.1,0.7953,236.53609,20,8.3515302,237.8609846,136.2007702,91.96,0.60082951,0.0365
2,15,1.1,0.9942,325.7613467,20,-228.9189968,121.1467413,234.4576983,91.96,-16.46899258,-0.7386
2,15,1.2,0.1988,41.08011652,20,104.4544151,144.4808019,5.91598001,91.96,7.51470613,0.9911
2,15,1.2,0.3977,94.19589525,20,180.237993,265.6158836,27.12532177,91.96,12.96676209,1.3649
2,15,1.2,0.5965,159.3477262,20,199.7580922,350.4666575,68.8218786,91.96,14.37108577,1.1405
2,15,1.2,0.7953,236.53609,20,130.1752411,372.1829528,136.2007702,91.96,9.36512526,0.548
2,15,1.2,0.9942,325.7613467,20,-75.73476916,289.5214644,234.4576983,91.96,-5.44854454,-0.236
2,15,1.3,0.1988,41.08011652,20,131.8912764,175.7892701,5.91598001,91.96,9.48858104,1.2284
2,15,1.3,0.3977,94.19589525,20,236.5762855,328.6805808,27.12532177,91.96,17.01987665,1.7382
2,15,1.3,0.5965,159.3477262,20,285.7666599,445.9821733,68.8218786,91.96,20.55875251,1.5759
2,15,1.3,0.7953,236.53609,20,246.0450823,500.2519308,136.2007702,91.96,17.70108506,1.0007
2,15,1.3,0.9942,325.7613467,20,69.79756882,449.8485002,234.4576983,91.96,5.02140783,0.2106
2,15,1.4,0.1988,41.08011652,20,158.0606682,205.868467,5.91598001,91.96,11.37127109,1.4468
2,15,1.4,0.3977,94.19589525,20,290.2322027,389.0314317,27.12532177,91.96,20.88001459,2.0736
2,15,1.4,0.5965,159.3477262,20,367.6314936,537.2427702,68.8218786,91.96,26.44830889,1.9635
2,15,1.4,0.7953,236.53609,20,356.3263967,622.5447256,136.2007702,91.96,25.63499257,1.404
2,15,1.4,0.9942,325.7613467,20,208.2952998,602.8746813,234.4576983,91.96,14.98527337,0.6101
2,20,0.9,0.1988,41.08011652,20,43.08854796,82.0553072,7.88797335,91.96,3.09989554,0.4185
2,20,0.9,0.3977,94.19589525,20,39.19355971,127.6243186,36.16709569,91.96,2.81968055,0.2993
2,20,0.9,0.5965,159.3477262,20,-45.72992249,119.2319957,91.76250479,91.96,-3.28992248,-0.2534
2,20,0.9,0.7953,236.53609,20,-252.9501008,23.65796482,181.6010269,91.96,-18.19784898,-0.9906
2,20,0.9,0.9942,325.7613467,20,-643.1602206,-211.8055776,312.6102643,91.96,-46.27051947,-1.795
2,20,1,0.1988,41.08011652,20,80.66349081,125.0977506,7.88797335,91.96,5.80312884,0.7635
2,20,1,0.3977,94.19589525,20,118.0610552,216.2440477,36.16709569,91.96,8.49360109,0.8642
2,20,1,0.5965,159.3477262,20,76.92897397,255.7784387,91.76250479,91.96,5.53445856,0.4065
2,20,1,0.7953,236.53609,20,-85.02350806,209.3773616,181.6010269,91.96,-6.11679914,-0.3179
2,20,1,0.9942,325.7613467,20,-429.3980575,23.46962574,312.6102643,91.96,-30.89194659,-1.1491
2,20,1.1,0.1988,41.08011652,20,119.4234677,169.1563635,7.88797335,91.96,8.59161638,1.1013
2,20,1.1,0.3977,94.19589525,20,198.344864,305.9315399,36.16709569,91.96,14.26941468,1.3929
2,20,1.1,0.5965,159.3477262,20,200.2967433,392.5171546,91.76250479,91.96,14.40983765,1.0109
2,20,1.1,0.7953,236.53609,20,82.03758783,393.6313071,181.6010269,91.96,5.90198474,0.2936
2,20,1.1,0.9942,325.7613467,20,-218.6865862,255.0684198,312.6102643,91.96,-15.73284793,-0.5624
2,20,1.2,0.1988,41.08011652,20,157.1097684,212.0715353,7.88797335,91.96,11.30286104,1.4135
2,20,1.2,0.3977,94.19589525,20,275.9117021,392.6541971,36.16709569,91.96,19.84976274,1.8646
2,20,1.2,0.5965,159.3477262,20,318.9044583,524.083215,91.76250479,91.96,22.94276679,1.5431
2,20,1.2,0.7953,236.53609,20,242.009637,570.2553067,181.6010269,91.96,17.41076525,0.8317
2,20,1.2,0.9942,325.7613467,20,-17.56848042,476.3942284,312.6102643,91.96,-1.26391945,-0.0436
2,20,1.3,0.1988,41.08011652,20,193.0325502,253.2422751,7.88797335,91.96,13.88723383,1.6972
2,20,1.3,0.3977,94.19589525,20,349.6941043,475.478793,36.16709569,91.96,25.15784923,2.2813
2,20,1.3,0.5965,159.3477262,20,431.5938588,649.4921962,91.76250479,91.96,31.0499179,2.0095
2,20,1.3,0.7953,236.53609,20,393.9029595,738.4260491,181.6010269,91.96,28.33834241,1.3047
2,20,1.3,0.9942,325.7613467,20,173.2767839,686.9444563,312.6102643,91.96,12.46595568,0.4155
2,20,1.4,0.1988,41.08011652,20,227.3739882,292.8965738,7.88797335,91.96,16.35784088,1.9566
2,20,1.4,0.3977,94.19589525,20,420.1258188,554.9320605,36.16709569,91.96,30.22487905,2.6531
2,20,1.4,0.5965,159.3477262,20,539.1071386,769.6207941,91.76250479,91.96,38.78468623,2.4229
2,20,1.4,0.7953,236.53609,20,538.8186716,899.4391828,181.6010269,91.96,38.76393321,1.7252
2,20,1.4,0.9942,325.7613467,20,355.3625481,888.4589369,312.6102643,91.96,25.56565094,0.8262
2,25,0.9,0.1988,41.08011652,20,70.43606927,120.5748304,9.85996669,91.96,5.06734311,0.659
2,25,0.9,0.3977,94.19589525,20,82.64091884,195.9583254,45.20886961,91.96,5.94538984,0.5774
2,25,0.9,0.5965,159.3477262,20,-6.63196845,203.6834762,114.703131,91.96,-0.47712003,-0.0322
2,25,0.9,0.7953,236.53609,20,-249.2859309,101.9281796,227.0012837,91.96,-17.93423963,-0.8281
2,25,0.9,0.9942,325.7613467,20,-721.1541881,-175.1510826,390.7628304,91.96,-51.88159627,-1.6738
2,25,1,0.1988,41.08011652,20,118.5183073,175.5209915,9.85996669,91.96,8.52649693,1.0741
2,25,1,0.3977,94.19589525,20,183.1414908,308.6673996,45.20886961,91.96,13.17564682,1.2181
2,25,1,0.5965,159.3477262,20,149.0496253,376.748347,114.703131,91.96,10.72299463,0.6856
2,25,1,0.7953,236.53609,20,-36.9332948,336.5475154,227.0012837,91.96,-2.65707157,-0.1168
2,25,1,0.9942,325.7613467,20,-451.7106988,121.2471686,390.7628304,91.96,-32.49717257,-1.0033
2,25,1.1,0.1988,41.08011652,20,167.0451178,230.7138684,9.85996669,91.96,12.01763437,1.4674
2,25,1.1,0.3977,94.19589525,20,283.3975198,420.6796299,45.20886961,91.96,20.38831078,1.7987
2,25,1.1,0.5965,159.3477262,20,302.7680921,547.1434649,114.703131,91.96,21.78187713,1.3253
2,25,1.1,0.7953,236.53609,20,170.8315173,565.7467755,227.0012837,91.96,12.29003721,0.5157
2,25,1.1,0.9942,325.7613467,20,-190.0556953,408.9326922,390.7628304,91.96,-13.67307161,-0.4052
2,25,1.2,0.1988,41.08011652,20,213.5570559,283.842035,9.85996669,91.96,15.36381697,1.8224
2,25,1.2,0.3977,94.19589525,20,379.1222507,527.9060238,45.20886961,91.96,27.27498206,2.3055
2,25,1.2,0.5965,159.3477262,20,449.1494733,709.7491872,114.703131,91.96,32.31291175,1.8795
2,25,1.2,0.7953,236.53609,20,368.2829975,784.006445,227.0012837,91.96,26.49517968,1.0661
2,25,1.2,0.9942,325.7613467,20,58.19498199,682.4065507,390.7628304,91.96,4.18668935,0.1195
2,25,1.3,0.1988,41.08011652,20,257.856224,334.791453,9.85996669,91.96,18.55080748,2.1422
2,25,1.3,0.3977,94.19589525,20,470.1341567,630.2969013,45.20886961,91.96,33.8226012,2.7495
2,25,1.3,0.5965,159.3477262,20,588.2090431,864.7755892,114.703131,91.96,42.31719735,2.3625
2,25,1.3,0.7953,236.53609,20,555.8070257,991.9277737,227.0012837,91.96,39.98611696,1.5484
2,25,1.3,0.9942,325.7613467,20,293.8837528,942.7435764,390.7628304,91.96,21.14271603,0.5833
2,25,1.4,0.1988,41.08011652,20,300.307246,383.9820125,9.85996669,91.96,21.60483784,2.4331
2,25,1.4,0.3977,94.19589525,20,557.2151507,728.7609177,45.20886961,91.96,40.08742091,3.1436
2,25,1.4,0.5965,159.3477262,20,721.1861297,1013.631465,114.703131,91.96,51.88389422,2.7894
2,25,1.4,0.7953,236.53609,20,735.1194911,1191.459464,227.0012837,91.96,52.88629432,1.9769
2,25,1.4,0.9942,325.7613467,20,519.2774364,1192.512298,390.7628304,91.96,37.35808895,0.9985
2,30,0.9,0.1988,41.08011652,20,100.9995721,162.5407369,11.83196003,91.96,7.26615627,0.9094
2,30,0.9,0.3977,94.19589525,20,132.4629906,271.1040793,54.25064354,91.96,9.52971156,0.8505
2,30,0.9,0.5965,159.3477262,20,41.81067902,298.1418946,137.6437572,91.96,3.00796252,0.1797
2,30,0.9,0.7953,236.53609,20,-233.5268423,193.1748512,272.4015404,91.96,-16.80049225,-0.6719
2,30,0.9,0.9942,325.7613467,20,-784.4691336,-122.6872582,468.9153965,91.96,-56.43662831,-1.5551
2,30,1,0.1988,41.08011652,20,159.4973069,229.3106628,11.83196003,91.96,11.47462639,1.3837
2,30,1,0.3977,94.19589525,20,254.4138742,407.7241898,54.25064354,91.96,18.30315642,1.5465
2,30,1,0.5965,159.3477262,20,230.188697,507.3718391,137.6437572,91.96,16.56033791,0.9351
2,30,1,0.7953,236.53609,20,22.70794617,476.1205047,272.4015404,91.96,1.63366519,0.062
2,30,1,0.9942,325.7613467,20,-460.1349553,234.0026026,468.9153965,91.96,-33.10323419,-0.8718
2,30,1.1,0.1988,41.08011652,20,217.4575878,295.3257611,11.83196003,91.96,15.64443077,1.8207
2,30,1.1,0.3977,94.19589525,20,373.9790946,541.4219194,54.25064354,91.96,26.90497084,2.1603
2,30,1.1,0.5965,159.3477262,20,413.3550276,710.549676,137.6437572,91.96,29.73777177,1.5939
2,30,1.1,0.7953,236.53609,20,270.1548811,749.2732996,272.4015404,91.96,19.43560296,0.7039
2,30,1.1,0.9942,325.7613467,20,-148.6074994,576.7007622,468.9153965,91.96,-10.69118701,-0.2701
2,30,1.2,0.1988,41.08011652,20,272.6632401,358.5580928,11.83196003,91.96,19.61606044,2.2094
2,30,1.2,0.3977,94.19589525,20,487.6143278,668.9173643,54.25064354,91.96,35.08016747,2.6897
2,30,1.2,0.5965,159.3477262,20,587.1631415,903.8718191,137.6437572,91.96,42.24195262,2.1599
2,30,1.2,0.7953,236.53609,20,504.6664107,1008.756868,272.4015404,91.96,36.30693602,1.2596
2,30,1.2,0.9942,325.7613467,20,146.2885282,901.8375645,468.9153965,91.96,10.52435454,0.256
2,30,1.3,0.1988,41.08011652,20,325.2808614,419.2386415,11.83196003,91.96,23.40150082,2.5574
2,30,1.3,0.3977,94.19589525,20,595.7410707,790.7861895,54.25064354,91.96,42.85906984,3.1509
2,30,1.3,0.5965,159.3477262,20,752.4287172,1088.368597,137.6437572,91.96,54.13156239,2.6519
2,30,1.3,0.7953,236.53609,20,727.6096582,1256.237292,272.4015404,91.96,52.34601857,1.7461
2,30,1.3,0.9942,325.7613467,20,426.5701546,1211.738661,468.9153965,91.96,30.68850033,0.7211
2,30,1.4,0.1988,41.08011652,20,375.8048528,477.9528063,11.83196003,91.96,27.03632035,2.8725
2,30,1.4,0.3977,94.19589525,20,699.3967388,908.2137462,54.25064354,91.96,50.31631215,3.5588
2,30,1.4,0.5965,159.3477262,20,910.7663689,1265.876652,137.6437572,91.96,65.52276035,3.086
2,30,1.4,0.7953,236.53609,20,941.1923467,1494.205763,272.4015404,91.96,67.71167962,2.1783
2,30,1.4,0.9942,325.7613467,20,695.1226884,1509.657119,468.9153965,91.96,50.0088265,1.1379
4,10,0.9,0.1988,94.30043751,20,-2.41573754,39.39822405,18.11961266,91.96,-0.17379407,-0.022
4,10,0.9,0.3977,236.7306947,20,-100.3274689,28.73331311,90.92832809,91.96,-7.21780352,-0.5711
4,10,0.9,0.5965,427.2977661,20,-337.6035032,-39.61580071,246.1215563,91.96,-24.28802181,-1.0759
4,10,0.9,0.7953,666.0078061,20,-766.4583667,-188.8674685,511.4068716,91.96,-55.14088969,-1.3981
4,10,0.9,0.9942,952.8641533,20,-1458.89565,-461.7877482,914.495718,91.96,-104.9565216,-1.6183
4,10,1,0.1988,94.30043751,20,25.84370352,73.40267217,18.11961266,91.96,1.85925925,0.2309
4,10,1,0.3977,236.7306947,20,-35.03183845,103.8949023,90.92832809,91.96,-2.52027615,-0.1942
4,10,1,0.5965,427.2977661,20,-230.8272147,80.83285744,246.1215563,91.96,-16.60627444,-0.718
4,10,1,0.7953,666.0078061,20,-615.7691213,-21.03802293,511.4068716,91.96,-44.29993679,-1.1014
4,10,1,0.9942,952.8641533,20,-1263.356866,-246.0074371,914.495718,91.96,-90.8889832,-1.3799
4,10,1.1,0.1988,94.30043751,20,62.60428867,115.2720004,18.11961266,91.96,4.50390566,0.5464
4,10,1.1,0.3977,236.7306947,20,42.95729419,190.9541442,90.92832809,91.96,3.09045282,0.231
4,10,1.1,0.5965,427.2977661,20,-109.5887495,214.9037343,246.1215563,91.96,-7.8840827,-0.3319
4,10,1.1,0.7953,666.0078061,20,-450.514736,160.6261369,511.4068716,91.96,-32.41113209,-0.7891
4,10,1.1,0.9942,952.8641533,20,-1054.176403,-17.0578923,914.495718,91.96,-75.84002898,-1.1328
4,10,1.2,0.1988,94.30043751,20,100.5272127,158.2007302,18.11961266,91.96,7.23217358,0.8569
4,10,1.2,0.3977,236.7306947,20,122.1428264,278.9691294,90.92832809,91.96,8.7872537,0.6372
4,10,1.2,0.5965,427.2977661,20,12.01470734,348.9872472,246.1215563,91.96,0.86436743,0.0354
4,10,1.2,0.7953,666.0078061,20,-286.3875306,340.741882,511.4068716,91.96,-20.60341947,-0.4914
4,10,1.2,0.9942,952.8641533,20,-848.0259331,208.4307445,914.495718,91.96,-61.00905993,-0.897
4,10,1.3,0.1988,94.30043751,20,137.5049763,200.1625673,18.11961266,91.96,9.89244434,1.1461
4,10,1.3,0.3977,236.7306947,20,198.7608712,364.2453174,90.92832809,91.96,14.29934325,1.008
4,10,1.3,0.5965,427.2977661,20,129.0723489,478.2356611,246.1215563,91.96,9.2857805,0.3716
4,10,1.3,0.7953,666.0078061,20,-128.9674639,513.7448733,511.4068716,91.96,-9.27823481,-0.2171
4,10,1.3,0.9942,952.8641533,20,-650.8644866,424.4209966,914.495718,91.96,-46.82478321,-0.6782
4,10,1.4,0.1988,94.30043751,20,172.7763688,240.4618168,18.11961266,91.96,12.42995459,1.4103
4,10,1.4,0.3977,236.7306947,20,271.6801982,445.7609662,90.92832809,91.96,19.545338,1.3421
4,10,1.4,0.5965,427.2977661,20,240.3620978,601.5367926,246.1215563,91.96,17.29223725,0.6764
4,10,1.4,0.7953,666.0078061,20,20.59429567,678.6059409,511.4068716,91.96,1.481604,0.034
4,10,1.4,0.9942,952.8641533,20,-463.6428649,630.0808188,914.495718,91.96,-33.35560179,-0.4765
4,15,0.9,0.1988,94.30043751,20,17.93909805,84.38274026,27.17941898,91.96,1.29058259,0.149
4,15,0.9,0.3977,236.7306947,20,-100.5075973,99.69639352,136.3924921,91.96,-7.2307624,-0.4545
4,15,0.9,0.5965,427.2977661,20,-425.3541185,30.91510761,369.1823345,91.96,-30.60101572,-0.988
4,15,0.9,0.7953,666.0078061,20,-1036.375726,-158.2691895,767.1103073,91.96,-74.55940472,-1.321
4,15,0.9,0.9942,952.8641533,20,-2042.356138,-532.7645968,1371.743577,91.96,-146.9320963,-1.551
4,15,1,0.1988,94.30043751,20,72.24852499,146.6129378,27.17941898,91.96,5.19773561,0.5811
4,15,1,0.3977,236.7306947,20,15.80033061,229.9462749,136.3924921,91.96,1.13671443,0.0688
4,15,1,0.5965,427.2977661,20,-243.4600017,232.4476088,369.1823345,91.96,-17.51510804,-0.5488
4,15,1,0.7953,666.0078061,20,-787.3646439,115.7850381,767.1103073,91.96,-56.64493841,-0.9812
4,15,1,0.9942,952.8641533,20,-1726.138013,-186.4632215,1371.743577,91.96,-124.1825908,-1.2886
4,15,1.1,0.1988,94.30043751,20,129.2883125,211.3795587,27.17941898,91.96,9.30131745,1.0066
4,15,1.1,0.3977,236.7306947,20,135.7229218,363.5034144,136.3924921,91.96,9.76423898,0.57
4,15,1.1,0.5965,427.2977661,20,-58.38147606,436.7842292,369.1823345,91.96,-4.20010619,-0.1278
4,15,1.1,0.7953,666.0078061,20,-536.5737851,391.1952699,767.1103073,91.96,-38.60243059,-0.654
4,15,1.1,0.9942,952.8641533,20,-1410.174716,159.2164844,1371.743577,91.96,-101.4514184,-1.0352
4,15,1.2,0.1988,94.30043751,20,186.1004516,275.7895819,27.17941898,91.96,13.3885217,1.4042
4,15,1.2,0.3977,236.7306947,20,253.7032284,494.7322923,136.3924921,91.96,18.25203082,1.0288
4,15,1.2,0.5965,427.2977661,20,122.1261057,635.9627426,369.1823345,91.96,8.78605077,0.2599
4,15,1.2,0.7953,666.0078061,20,-293.5798985,658.0662827,767.1103073,91.96,-21.12085601,-0.3504
4,15,1.2,0.9942,952.8641533,20,-1105.546369,492.6911454,1371.743577,91.96,-79.53570998,-0.7987
4,15,1.3,0.1988,94.30043751,20,240.3378563,337.6531756,27.17941898,91.96,17.29049326,1.7616
4,15,1.3,0.3977,236.7306947,20,366.034282,620.1515136,136.3924921,91.96,26.33340158,1.4372
4,15,1.3,0.5965,427.2977661,20,293.7340925,825.8954185,369.1823345,91.96,21.1319491,0.6091
4,15,1.3,0.7953,666.0078061,20,-62.78999883,912.2094044,767.1103073,91.96,-4.5172661,-0.0735
4,15,1.3,0.9942,952.8641533,20,-816.4689921,809.9237291,1371.743577,91.96,-58.73877641,-0.5811
4,15,1.4,0.1988,94.30043751,20,291.9926893,397.030991,27.17941898,91.96,21.00666829,2.0835
4,15,1.4,0.3977,236.7306947,20,472.8935396,740.054006,136.3924921,91.96,34.02111796,1.8024
4,15,1.4,0.5965,427.2977661,20,456.9489032,1007.254629,369.1823345,91.96,32.87402182,0.925
4,15,1.4,0.7953,666.0078061,20,156.7269856,1154.765488,767.1103073,91.96,11.2753227,0.1801
4,15,1.4,0.9942,952.8641533,20,-541.5260699,1112.569442,1371.743577,91.96,-38.95871006,-0.3801
4,20,0.9,0.1988,94.30043751,20,55.76564647,147.3630416,36.23922531,91.96,4.01191701,0.4218
4,20,0.9,0.3977,236.7306947,20,-68.4761064,204.0954337,181.8566562,91.96,-4.92633859,-0.2547
4,20,0.9,0.5965,427.2977661,20,-468.1001532,148.4646701,492.2431126,91.96,-33.67627002,-0.8503
4,20,0.9,0.7953,666.0078061,20,-1249.946846,-68.39995165,1022.813743,91.96,-89.92423351,-1.2196
4,20,0.9,0.9942,952.8641533,20,-2559.124007,-533.1040147,1828.991436,91.96,-184.1096408,-1.4734
4,20,1,0.1988,94.30043751,20,131.1189682,233.3002445,36.23922531,91.96,9.4330193,0.9527
4,20,1,0.3977,236.7306947,20,91.38369361,382.6252325,181.8566562,91.96,6.57436645,0.3259
4,20,1,0.5965,427.2977661,20,-219.6976389,423.2139064,492.2431126,91.96,-15.80558553,-0.3865
4,20,1,0.7953,666.0078061,20,-911.5331786,303.6459802,1022.813743,91.96,-65.57792652,-0.8688
4,20,1,0.9942,952.8641533,20,-2130.949382,-64.44446923,1828.991436,91.96,-153.3057109,-1.2055
4,20,1.1,0.1988,94.30043751,20,208.2080427,320.7444564,36.23922531,91.96,14.97899588,1.4542
4,20,1.1,0.3977,236.7306947,20,252.4573959,561.8571015,181.8566562,91.96,18.16240258,0.8646
4,20,1.1,0.5965,427.2977661,20,27.75779864,696.2731521,492.2431126,91.96,1.99696393,0.0474
4,20,1.1,0.7953,666.0078061,20,-577.3955051,670.5155907,1022.813743,91.96,-41.53924497,-0.538
4,20,1.1,0.9942,952.8641533,20,-1711.094673,394.9332564,1828.991436,91.96,-123.1003362,-0.9517
4,20,1.2,0.1988,94.30043751,20,282.8324483,405.6477599,36.23922531,91.96,20.34765815,1.904
4,20,1.2,0.3977,236.7306947,20,407.3626534,734.5306901,181.8566562,91.96,29.30666571,1.3439
4,20,1.2,0.5965,427.2977661,20,264.7227845,958.1732792,492.2431126,91.96,19.04480464,0.4388
4,20,1.2,0.7953,666.0078061,20,-258.4198725,1021.309952,1022.813743,91.96,-18.59135774,-0.2357
4,20,1.2,0.9942,952.8641533,20,-1311.269459,833.1408012,1828.991436,91.96,-94.33593227,-0.7179
4,20,1.3,0.1988,94.30043751,20,353.8335432,486.9921239,36.23922531,91.96,25.45565059,2.3028
4,20,1.3,0.3977,236.7306947,20,554.4799655,899.2398751,181.8566562,91.96,39.890645,1.7675
4,20,1.3,0.5965,427.2977661,20,489.5850228,1207.563517,492.2431126,91.96,35.22194408,0.7904
4,20,1.3,0.7953,666.0078061,20,44.12982126,1355.042187,1022.813743,91.96,3.17480728,0.0395
4,20,1.3,0.9942,952.8641533,20,-932.1745478,1249.761742,1828.991436,91.96,-67.06291711,-0.5028
4,20,1.4,0.1988,94.30043751,20,421.6093348,565.2534928,36.23922531,91.96,30.33160682,2.6595
4,20,1.4,0.3977,236.7306947,20,694.7634959,1057.10221,181.8566562,91.96,49.98298531,2.1457
4,20,1.4,0.5965,427.2977661,20,703.9882978,1446.323766,492.2431126,91.96,50.64664013,1.1089
4,20,1.4,0.7953,666.0078061,20,332.6531723,1674.437172,1022.813743,91.96,23.9318829,0.2921
4,20,1.4,0.9942,952.8641533,20,-570.6438899,1648.353014,1828.991436,91.96,-41.05351726,-0.3036
4,25,0.9,0.1988,94.30043751,20,102.3305146,219.6767408,45.29903164,91.96,7.36190752,0.7076
4,25,0.9,0.3977,236.7306947,20,-19.2876223,326.8628721,227.3208202,91.96,-1.38759873,-0.0607
4,25,0.9,0.5965,427.2977661,20,-485.6796612,293.0062546,615.3038908,91.96,-34.94098282,-0.7224
4,25,0.9,0.7953,666.0078061,20,-1430.740719,56.70318726,1278.517179,91.96,-102.930987,-1.1287
4,25,0.9,0.9942,952.8641533,20,-3035.796395,-490.2611612,2286.239295,91.96,-218.4026184,-1.4056
4,25,1,0.1988,94.30043751,20,198.4972955,329.1738672,45.29903164,91.96,14.28038097,1.3099
4,25,1,0.3977,236.7306947,20,183.7179643,553.3065442,227.3208202,91.96,13.21711974,0.5525
4,25,1,0.5965,427.2977661,20,-171.4524699,640.286027,615.3038908,91.96,-12.33471006,-0.2467
4,25,1,0.7953,666.0078061,20,-1003.951995,525.6757493,1278.517179,91.96,-72.22676223,-0.7733
4,25,1,0.9942,952.8641533,20,-2497.098315,99.24579704,2286.239295,91.96,-179.6473608,-1.1358
4,25,1.1,0.1988,94.30043751,20,294.8406578,438.5642194,45.29903164,91.96,21.21155812,1.8605
4,25,1.1,0.3977,236.7306947,20,384.4548475,776.7805804,227.3208202,91.96,27.65862213,1.1081
4,25,1.1,0.5965,427.2977661,20,136.3391614,980.0627548,615.3038908,91.96,9.80857276,0.1901
4,25,1.1,0.7953,666.0078061,20,-588.9410138,981.5388241,1278.517179,91.96,-42.36985711,-0.4434
4,25,1.1,0.9942,952.8641533,20,-1976.179012,669.4811609,2286.239295,91.96,-142.1711519,-0.8838
4,25,1.2,0.1988,94.30043751,20,386.9150456,543.649284,45.29903164,91.96,27.83561479,2.3436
4,25,1.2,0.3977,236.7306947,20,575.5882066,990.2387341,227.3208202,91.96,41.4092235,1.5958
4,25,1.2,0.5965,427.2977661,20,428.7516788,1303.707571,615.3038908,91.96,30.84544452,0.5809
4,25,1.2,0.7953,666.0078061,20,-195.2731371,1414.982713,1278.517179,91.96,-14.04842713,-0.144
4,25,1.2,0.9942,952.8641533,20,-1482.710066,1210.871712,2286.239295,91.96,-106.6697889,-0.6527
4,25,1.3,0.1988,94.30043751,20,474.4641594,644.3049413,45.29903164,91.96,34.13411219,2.7683
4,25,1.3,0.3977,236.7306947,20,757.0754282,1193.86416,227.3208202,91.96,54.46585814,2.0256
4,25,1.3,0.5965,427.2977661,20,706.2806177,1612.025087,615.3038908,91.96,50.81155523,0.9317
4,25,1.3,0.7953,666.0078061,20,178.2810612,1827.59965,1278.517179,91.96,12.82597563,0.1289
4,25,1.3,0.9942,952.8641533,20,-1014.510851,1726.017544,2286.239295,91.96,-72.98639216,-0.4401
4,25,1.4,0.1988,94.30043751,20,558.232177,741.3703035,45.29903164,91.96,40.16058827,3.1464
4,25,1.4,0.3977,236.7306947,20,930.5294332,1389.486373,227.3208202,91.96,66.94456354,2.4093
4,25,1.4,0.5965,427.2977661,20,971.5034687,1907.898629,615.3038908,91.96,69.89233587,1.2501
4,25,1.4,0.7953,666.0078061,20,535.3603402,2223.461738,1278.517179,91.96,38.51513239,0.38
4,25,1.4,0.9942,952.8641533,20,-566.9264914,2220.108433,2286.239295,91.96,-40.78607852,-0.2425
4,30,0.9,0.1988,94.30043751,20,155.1308821,298.7037023,54.35883797,91.96,11.16049512,0.9851
4,30,0.9,0.3977,236.7306947,20,42.19757328,462.825105,272.7849843,91.96,3.03579664,0.1147
4,30,0.9,0.5965,427.2977661,20,-485.254809,456.8721728,738.3646689,91.96,-34.91041792,-0.6101
4,30,0.9,0.7953,666.0078061,20,-1588.135698,206.9317748,1534.220615,91.96,-114.2543668,-1.0504
4,30,0.9,0.9942,952.8641533,20,-3483.903201,-416.6880062,2743.487154,91.96,-250.640518,-1.3478
4,30,1,0.1988,94.30043751,20,271.9384105,431.6134241,54.35883797,91.96,19.56391443,1.6393
4,30,1,0.3977,236.7306947,20,287.9339488,736.7725918,272.7849843,91.96,20.71467258,0.747
4,30,1,0.5965,427.2977661,20,-105.9547481,875.8777478,738.3646689,91.96,-7.62264375,-0.1288
4,30,1,0.7953,666.0078061,20,-1074.136516,771.5998678,1534.220615,91.96,-77.27600834,-0.6935
4,30,1,0.9942,952.8641533,20,-2836.297123,291.9909311,2743.487154,91.96,-204.0501528,-1.0779
4,30,1.1,0.1988,94.30043751,20,386.8724341,562.3252437,54.35883797,91.96,27.83254921,2.2215
4,30,1.1,0.3977,236.7306947,20,527.1113811,1003.291498,272.7849843,91.96,37.92168209,1.3091
4,30,1.1,0.5965,427.2977661,20,260.5617442,1280.814126,738.3646689,91.96,18.74544923,0.3069
4,30,1.1,0.7953,666.0078061,20,-580.0997162,1314.656619,1534.220615,91.96,-41.73379253,-0.3661
4,30,1.1,0.9942,952.8641533,20,-2216.317782,971.0791485,2743.487154,91.96,-159.4473225,-0.8282
4,30,1.2,0.1988,94.30043751,20,496.1455978,687.3671326,54.35883797,91.96,35.6939279,2.7259
4,30,1.2,0.3977,236.7306947,20,754.0087211,1257.09543,272.7849843,91.96,54.24523174,1.7996
4,30,1.2,0.5965,427.2977661,20,607.7751159,1665.585125,738.3646689,91.96,43.72482848,0.6954
4,30,1.2,0.7953,666.0078061,20,-112.5401581,1829.969875,1534.220615,91.96,-8.09641425,-0.0696
4,30,1.2,0.9942,952.8641533,20,-1630.143374,1614.733991,2743.487154,91.96,-117.2765017,-0.5997
4,30,1.3,0.1988,94.30043751,20,600.1266898,807.2544078,54.35883797,91.96,43.174582,3.167
4,30,1.3,0.3977,236.7306947,20,969.6378342,1499.459119,272.7849843,91.96,69.75811757,2.2316
4,30,1.3,0.5965,427.2977661,20,937.6510034,2032.539748,738.3646689,91.96,67.45690672,1.0444
4,30,1.3,0.7953,666.0078061,20,331.6150828,2321.125635,1534.220615,91.96,23.8572002,0.201
4,30,1.3,0.9942,952.8641533,20,-1073.333576,2227.977585,2743.487154,91.96,-77.21824286,-0.3891
4,30,1.4,0.1988,94.30043751,20,699.813985,923.100363,54.35883797,91.96,50.34632986,3.5584
4,30,1.4,0.3977,236.7306947,20,1176.118675,1732.766623,272.7849843,91.96,84.6128543,2.6173
4,30,1.4,0.5965,427.2977661,20,1253.504205,2385.40396,738.3646689,91.96,90.18015865,1.3618
4,30,1.4,0.7953,666.0078061,20,757.0200092,2793.301636,1534.220615,91.96,54.46187117,0.4504
4,30,1.4,0.9942,952.8641533,20,-539.9534694,2817.383429,2743.487154,91.96,-38.84557333,-0.1931
